-- MySQL dump 10.13  Distrib 5.5.62, for Win64 (AMD64)
--
-- Host: localhost    Database: db_confi_serfinsa
-- ------------------------------------------------------
-- Server version	5.5.5-10.1.38-MariaDB

/*!40101 SET @OLD_CHARACTER_SET_CLIENT=@@CHARACTER_SET_CLIENT */;
/*!40101 SET @OLD_CHARACTER_SET_RESULTS=@@CHARACTER_SET_RESULTS */;
/*!40101 SET @OLD_COLLATION_CONNECTION=@@COLLATION_CONNECTION */;
/*!40101 SET NAMES utf8 */;
/*!40103 SET @OLD_TIME_ZONE=@@TIME_ZONE */;
/*!40103 SET TIME_ZONE='+00:00' */;
/*!40014 SET @OLD_UNIQUE_CHECKS=@@UNIQUE_CHECKS, UNIQUE_CHECKS=0 */;
/*!40014 SET @OLD_FOREIGN_KEY_CHECKS=@@FOREIGN_KEY_CHECKS, FOREIGN_KEY_CHECKS=0 */;
/*!40101 SET @OLD_SQL_MODE=@@SQL_MODE, SQL_MODE='NO_AUTO_VALUE_ON_ZERO' */;
/*!40111 SET @OLD_SQL_NOTES=@@SQL_NOTES, SQL_NOTES=0 */;

--
-- Table structure for table `adm_usuario`
--

DROP TABLE IF EXISTS `adm_usuario`;
/*!40101 SET @saved_cs_client     = @@character_set_client */;
/*!40101 SET character_set_client = utf8 */;
CREATE TABLE `adm_usuario` (
  `id_usaurio` int(11) NOT NULL AUTO_INCREMENT,
  `usuario_nombre` varchar(25) NOT NULL,
  `usuario_clave` varchar(50) NOT NULL,
  `usuario_estado` bit(1) DEFAULT b'1',
  `fecha` datetime NOT NULL DEFAULT CURRENT_TIMESTAMP,
  PRIMARY KEY (`id_usaurio`)
) ENGINE=MyISAM AUTO_INCREMENT=3 DEFAULT CHARSET=latin1;
/*!40101 SET character_set_client = @saved_cs_client */;

--
-- Dumping data for table `adm_usuario`
--

LOCK TABLES `adm_usuario` WRITE;
/*!40000 ALTER TABLE `adm_usuario` DISABLE KEYS */;
INSERT INTO `adm_usuario` VALUES (1,'VINCU','936a7354df674e158fb7e23aa70289c0','','2019-08-10 10:12:57'),(2,'SA','936a7354df674e158fb7e23aa70289c0','','2019-09-16 00:00:00');
/*!40000 ALTER TABLE `adm_usuario` ENABLE KEYS */;
UNLOCK TABLES;

--
-- Table structure for table `conf_configuraciones`
--

DROP TABLE IF EXISTS `conf_configuraciones`;
/*!40101 SET @saved_cs_client     = @@character_set_client */;
/*!40101 SET character_set_client = utf8 */;
CREATE TABLE `conf_configuraciones` (
  `id_configuracion` int(11) NOT NULL AUTO_INCREMENT,
  `cliente_trans_modoentra` varchar(3) NOT NULL,
  `cliente_trans_terminalid` varchar(8) NOT NULL,
  `cliente_trans_retailerid` varchar(15) NOT NULL,
  `comid` varchar(50) DEFAULT NULL,
  `comkey` varchar(50) DEFAULT NULL,
  `comwrkstation` varchar(50) DEFAULT NULL,
  `fecha` datetime NOT NULL DEFAULT CURRENT_TIMESTAMP,
  PRIMARY KEY (`id_configuracion`)
) ENGINE=MyISAM AUTO_INCREMENT=2 DEFAULT CHARSET=latin1;
/*!40101 SET character_set_client = @saved_cs_client */;

--
-- Dumping data for table `conf_configuraciones`
--

LOCK TABLES `conf_configuraciones` WRITE;
/*!40000 ALTER TABLE `conf_configuraciones` DISABLE KEYS */;
INSERT INTO `conf_configuraciones` VALUES (1,'012','00299997','000999999999999','SERVUNITYT','$erfins@','WORKSUNITYT','2019-08-02 16:30:45');
/*!40000 ALTER TABLE `conf_configuraciones` ENABLE KEYS */;
UNLOCK TABLES;

--
-- Table structure for table `trans_correlativos_diarios`
--

DROP TABLE IF EXISTS `trans_correlativos_diarios`;
/*!40101 SET @saved_cs_client     = @@character_set_client */;
/*!40101 SET character_set_client = utf8 */;
CREATE TABLE `trans_correlativos_diarios` (
  `id_correlativo` int(11) NOT NULL AUTO_INCREMENT,
  `correlativo` varchar(6) NOT NULL,
  `correlativo_fecha` datetime NOT NULL DEFAULT CURRENT_TIMESTAMP,
  PRIMARY KEY (`id_correlativo`)
) ENGINE=InnoDB AUTO_INCREMENT=2 DEFAULT CHARSET=latin1;
/*!40101 SET character_set_client = @saved_cs_client */;

--
-- Dumping data for table `trans_correlativos_diarios`
--

LOCK TABLES `trans_correlativos_diarios` WRITE;
/*!40000 ALTER TABLE `trans_correlativos_diarios` DISABLE KEYS */;
INSERT INTO `trans_correlativos_diarios` VALUES (1,'000003','2019-07-29 12:20:09');
/*!40000 ALTER TABLE `trans_correlativos_diarios` ENABLE KEYS */;
UNLOCK TABLES;

--
-- Table structure for table `trans_transacciones_request`
--

DROP TABLE IF EXISTS `trans_transacciones_request`;
/*!40101 SET @saved_cs_client     = @@character_set_client */;
/*!40101 SET character_set_client = utf8 */;
CREATE TABLE `trans_transacciones_request` (
  `id_request` int(11) NOT NULL AUTO_INCREMENT,
  `nombre_request` varchar(50) DEFAULT NULL,
  `transaccion` longtext,
  `request_usaurio` varchar(50) DEFAULT NULL,
  `request_fecha` datetime NOT NULL DEFAULT CURRENT_TIMESTAMP,
  PRIMARY KEY (`id_request`)
) ENGINE=InnoDB AUTO_INCREMENT=205 DEFAULT CHARSET=latin1;
/*!40101 SET character_set_client = @saved_cs_client */;

--
-- Dumping data for table `trans_transacciones_request`
--

LOCK TABLES `trans_transacciones_request` WRITE;
/*!40000 ALTER TABLE `trans_transacciones_request` DISABLE KEYS */;
INSERT INTO `trans_transacciones_request` VALUES (160,'DFTCAPNO','{\"CLIENTE_TRANS_MONTO\":\"000000004589\",\"CLIENTE_TRANS_AUDITNO\":\"?\",\"CLIENTE_TRANS_TARJETAVEN\":\"5468\",\"CLIENTE_TRANS_MODOENTRA\":\"012\",\"CLIENTE_TRANS_TERMINALID\":\"00299997\",\"CLIENTE_TRANS_RETAILERID\":\"000999999999999\",\"CLIENTE_TRANS_RECIBOID\":\"?\"}','mgc','2019-08-10 10:25:48'),(161,'MANCOMPRANOR','{\"CLIENTE_TRANS_MONTO\":\"000000235698\",\"CLIENTE_TRANS_AUDITNO\":\"?\",\"CLIENTE_TRANS_TARJETAVEN\":\"2545\",\"CLIENTE_TRANS_MODOENTRA\":\"012\",\"CLIENTE_TRANS_TERMINALID\":\"00299997\",\"CLIENTE_TRANS_RETAILERID\":\"000999999999999\",\"CLIENTE_TRANS_RECIBOID\":\"?\",\"CLIENTE_TRANS_TOKENCVV\":\"1611 ?\"}','mgc','2019-08-14 16:08:29'),(162,'DFTCAPNO','{\"CLIENTE_TRANS_MONTO\":\"000000235698\",\"CLIENTE_TRANS_AUDITNO\":\"?\",\"CLIENTE_TRANS_TARJETAVEN\":\"2545\",\"CLIENTE_TRANS_MODOENTRA\":\"012\",\"CLIENTE_TRANS_TERMINALID\":\"00299997\",\"CLIENTE_TRANS_RETAILERID\":\"000999999999999\",\"CLIENTE_TRANS_RECIBOID\":\"?\",\"CLIENTE_TRANS_TOKENCVV\":\"1611 ?\"}','mgc','2019-08-14 16:21:21'),(163,'DFTCAPNO','{\"CLIENTE_TRANS_MONTO\":\"000000000025\",\"CLIENTE_TRANS_AUDITNO\":\"25\",\"CLIENTE_TRANS_TARJETAVEN\":\"2212\",\"CLIENTE_TRANS_MODOENTRA\":\"012\",\"CLIENTE_TRANS_TERMINALID\":\"00299997\",\"CLIENTE_TRANS_RETAILERID\":\"000999999999999\",\"CLIENTE_TRANS_RECIBOID\":\"25\",\"CLIENTE_TRANS_TOKENCVV\":\"1611 1025\"}','mgc','2019-08-20 16:38:22'),(164,'DFTCAPNO','{\"CLIENTE_TRANS_MONTO\":\"000000000025\",\"CLIENTE_TRANS_AUDITNO\":\"25\",\"CLIENTE_TRANS_TARJETAVEN\":\"2212\",\"CLIENTE_TRANS_MODOENTRA\":\"012\",\"CLIENTE_TRANS_TERMINALID\":\"00299997\",\"CLIENTE_TRANS_RETAILERID\":\"000999999999999\",\"CLIENTE_TRANS_RECIBOID\":\"25\",\"CLIENTE_TRANS_TOKENCVV\":\"1611 1025\"}','1','2019-08-20 16:42:30'),(165,'DFTCAPNO','{\"CLIENTE_TRANS_MONTO\":\"000000000025\",\"CLIENTE_TRANS_AUDITNO\":\"25\",\"CLIENTE_TRANS_TARJETAVEN\":\"2212\",\"CLIENTE_TRANS_MODOENTRA\":\"012\",\"CLIENTE_TRANS_TERMINALID\":\"00299997\",\"CLIENTE_TRANS_RETAILERID\":\"000999999999999\",\"CLIENTE_TRANS_RECIBOID\":\"25\",\"CLIENTE_TRANS_TOKENCVV\":\"1611 1025\"}','mgc','2019-08-21 15:09:20'),(166,'MANCOMPRANOR','{\"CLIENTE_TRANS_MONTO\":\"000000100376\",\"CLIENTE_TRANS_AUDITNO\":\"111137\",\"CLIENTE_TRANS_TARJETAVEN\":\"2012\",\"CLIENTE_TRANS_MODOENTRA\":\"012\",\"CLIENTE_TRANS_TERMINALID\":\"00299997\",\"CLIENTE_TRANS_RETAILERID\":\"000999999999999\",\"CLIENTE_TRANS_RECIBOID\":\"000027\",\"CLIENTE_TRANS_TOKENCVV\":\"1611 1611 333\"}','1','2019-08-24 16:56:16'),(167,'MANCOMPRANOR','{\"CLIENTE_TRANS_MONTO\":\"000000100376\",\"CLIENTE_TRANS_AUDITNO\":\"111137\",\"CLIENTE_TRANS_TARJETAVEN\":\"2012\",\"CLIENTE_TRANS_MODOENTRA\":\"012\",\"CLIENTE_TRANS_TERMINALID\":\"00299997\",\"CLIENTE_TRANS_RETAILERID\":\"000999999999999\",\"CLIENTE_TRANS_RECIBOID\":\"000027\",\"CLIENTE_TRANS_TOKENCVV\":\"1611 1611 333\"}','1','2019-08-24 16:56:16'),(168,'MANCOMPRANOR','{\"CLIENTE_TRANS_MONTO\":\"000000100376\",\"CLIENTE_TRANS_AUDITNO\":\"111137\",\"CLIENTE_TRANS_TARJETAVEN\":\"2012\",\"CLIENTE_TRANS_MODOENTRA\":\"012\",\"CLIENTE_TRANS_TERMINALID\":\"00299997\",\"CLIENTE_TRANS_RETAILERID\":\"000999999999999\",\"CLIENTE_TRANS_RECIBOID\":\"000027\",\"CLIENTE_TRANS_TOKENCVV\":\"1611 333\"}','1','2019-08-26 10:34:47'),(169,'MANCOMPRANOR','{\"CLIENTE_TRANS_MONTO\":\"000000100376\",\"CLIENTE_TRANS_AUDITNO\":\"111137\",\"CLIENTE_TRANS_TARJETAVEN\":\"2012\",\"CLIENTE_TRANS_MODOENTRA\":\"012\",\"CLIENTE_TRANS_TERMINALID\":\"00299997\",\"CLIENTE_TRANS_RETAILERID\":\"000999999999999\",\"CLIENTE_TRANS_RECIBOID\":\"000027\",\"CLIENTE_TRANS_TOKENCVV\":\"1611 333\"}','1','2019-08-26 10:34:47'),(170,'MANCOMPRANOR','{\"CLIENTE_TRANS_MONTO\":\"000000100376\",\"CLIENTE_TRANS_AUDITNO\":\"111137\",\"CLIENTE_TRANS_TARJETAVEN\":\"2012\",\"CLIENTE_TRANS_MODOENTRA\":\"012\",\"CLIENTE_TRANS_TERMINALID\":\"00299997\",\"CLIENTE_TRANS_RETAILERID\":\"000999999999999\",\"CLIENTE_TRANS_RECIBOID\":\"000027\",\"CLIENTE_TRANS_TOKENCVV\":\"1611 333\"}','1','2019-08-27 23:27:05'),(171,'MANCOMPRANOR','{\"CLIENTE_TRANS_MONTO\":\"000000100376\",\"CLIENTE_TRANS_AUDITNO\":\"111137\",\"CLIENTE_TRANS_TARJETAVEN\":\"2012\",\"CLIENTE_TRANS_MODOENTRA\":\"012\",\"CLIENTE_TRANS_TERMINALID\":\"00299997\",\"CLIENTE_TRANS_RETAILERID\":\"000999999999999\",\"CLIENTE_TRANS_RECIBOID\":\"000027\",\"CLIENTE_TRANS_TOKENCVV\":\"1611 333\"}','1','2019-08-27 23:27:56'),(172,'MANCOMPRANOR','{\"CLIENTE_TRANS_MONTO\":\"000000100376\",\"CLIENTE_TRANS_AUDITNO\":\"111137\",\"CLIENTE_TRANS_TARJETAVEN\":\"2012\",\"CLIENTE_TRANS_MODOENTRA\":\"012\",\"CLIENTE_TRANS_TERMINALID\":\"00299997\",\"CLIENTE_TRANS_RETAILERID\":\"000999999999999\",\"CLIENTE_TRANS_RECIBOID\":\"000027\",\"CLIENTE_TRANS_TOKENCVV\":\"1611 333\"}','1','2019-08-27 23:40:03'),(173,'MANCOMPRANOR','{\"CLIENTE_TRANS_MONTO\":\"000000100376\",\"CLIENTE_TRANS_AUDITNO\":\"111137\",\"CLIENTE_TRANS_TARJETAVEN\":\"2012\",\"CLIENTE_TRANS_MODOENTRA\":\"012\",\"CLIENTE_TRANS_TERMINALID\":\"00299997\",\"CLIENTE_TRANS_RETAILERID\":\"000999999999999\",\"CLIENTE_TRANS_RECIBOID\":\"000027\",\"CLIENTE_TRANS_TOKENCVV\":\"1611 333\"}','1','2019-08-27 23:40:09'),(174,'MANCOMPRANOR','{\"CLIENTE_TRANS_MONTO\":\"000000100376\",\"CLIENTE_TRANS_AUDITNO\":\"111137\",\"CLIENTE_TRANS_TARJETAVEN\":\"2012\",\"CLIENTE_TRANS_MODOENTRA\":\"012\",\"CLIENTE_TRANS_TERMINALID\":\"00299997\",\"CLIENTE_TRANS_RETAILERID\":\"000999999999999\",\"CLIENTE_TRANS_RECIBOID\":\"000027\",\"CLIENTE_TRANS_TOKENCVV\":\"1611 333\"}','1','2019-08-27 23:40:17'),(175,'MANCOMPRANOR','{\"CLIENTE_TRANS_MONTO\":\"000000100376\",\"CLIENTE_TRANS_AUDITNO\":\"111137\",\"CLIENTE_TRANS_TARJETAVEN\":\"2012\",\"CLIENTE_TRANS_MODOENTRA\":\"012\",\"CLIENTE_TRANS_TERMINALID\":\"00299997\",\"CLIENTE_TRANS_RETAILERID\":\"000999999999999\",\"CLIENTE_TRANS_RECIBOID\":\"000027\",\"CLIENTE_TRANS_TOKENCVV\":\"1611 333\"}','1','2019-08-27 23:40:25'),(176,'MANCOMPRANOR','{\"CLIENTE_TRANS_MONTO\":\"000000100376\",\"CLIENTE_TRANS_AUDITNO\":\"111137\",\"CLIENTE_TRANS_TARJETAVEN\":\"2012\",\"CLIENTE_TRANS_MODOENTRA\":\"012\",\"CLIENTE_TRANS_TERMINALID\":\"00299997\",\"CLIENTE_TRANS_RETAILERID\":\"000999999999999\",\"CLIENTE_TRANS_RECIBOID\":\"000027\",\"CLIENTE_TRANS_TOKENCVV\":\"1611 333\"}','1','2019-08-28 00:07:53'),(177,'MANCOMPRANOR','{\"CLIENTE_TRANS_MONTO\":\"000000100376\",\"CLIENTE_TRANS_AUDITNO\":\"111137\",\"CLIENTE_TRANS_TARJETAVEN\":\"2012\",\"CLIENTE_TRANS_MODOENTRA\":\"012\",\"CLIENTE_TRANS_TERMINALID\":\"00299997\",\"CLIENTE_TRANS_RETAILERID\":\"000999999999999\",\"CLIENTE_TRANS_RECIBOID\":\"000027\",\"CLIENTE_TRANS_TOKENCVV\":\"1611 333\"}','1','2019-08-28 00:07:53'),(178,'MANCOMPRANOR','{\"CLIENTE_TRANS_MONTO\":\"000000100376\",\"CLIENTE_TRANS_AUDITNO\":\"111137\",\"CLIENTE_TRANS_TARJETAVEN\":\"2012\",\"CLIENTE_TRANS_MODOENTRA\":\"012\",\"CLIENTE_TRANS_TERMINALID\":\"00299997\",\"CLIENTE_TRANS_RETAILERID\":\"000999999999999\",\"CLIENTE_TRANS_RECIBOID\":\"000027\",\"CLIENTE_TRANS_TOKENCVV\":\"1611 333\"}','1','2019-08-28 00:08:16'),(179,'MANCOMPRANOR','{\"CLIENTE_TRANS_MONTO\":\"000000100376\",\"CLIENTE_TRANS_AUDITNO\":\"111137\",\"CLIENTE_TRANS_TARJETAVEN\":\"2012\",\"CLIENTE_TRANS_MODOENTRA\":\"012\",\"CLIENTE_TRANS_TERMINALID\":\"00299997\",\"CLIENTE_TRANS_RETAILERID\":\"000999999999999\",\"CLIENTE_TRANS_RECIBOID\":\"000027\",\"CLIENTE_TRANS_TOKENCVV\":\"1611 333\"}','1','2019-08-28 00:08:17'),(180,'MANCOMPRANOR','{\"CLIENTE_TRANS_MONTO\":\"000000100376\",\"CLIENTE_TRANS_AUDITNO\":\"111137\",\"CLIENTE_TRANS_TARJETAVEN\":\"2012\",\"CLIENTE_TRANS_MODOENTRA\":\"012\",\"CLIENTE_TRANS_TERMINALID\":\"00299997\",\"CLIENTE_TRANS_RETAILERID\":\"000999999999999\",\"CLIENTE_TRANS_RECIBOID\":\"000027\",\"CLIENTE_TRANS_TOKENCVV\":\"1611 333\"}','1','2019-08-28 00:10:40'),(181,'MANCOMPRANOR','{\"CLIENTE_TRANS_MONTO\":\"000000100376\",\"CLIENTE_TRANS_AUDITNO\":\"111137\",\"CLIENTE_TRANS_TARJETAVEN\":\"2012\",\"CLIENTE_TRANS_MODOENTRA\":\"012\",\"CLIENTE_TRANS_TERMINALID\":\"00299997\",\"CLIENTE_TRANS_RETAILERID\":\"000999999999999\",\"CLIENTE_TRANS_RECIBOID\":\"000027\",\"CLIENTE_TRANS_TOKENCVV\":\"1611 333\"}','1','2019-08-28 11:11:41'),(182,'MANCOMPRANOR','{\"CLIENTE_TRANS_MONTO\":\"000000100376\",\"CLIENTE_TRANS_AUDITNO\":\"111137\",\"CLIENTE_TRANS_TARJETAVEN\":\"2012\",\"CLIENTE_TRANS_MODOENTRA\":\"012\",\"CLIENTE_TRANS_TERMINALID\":\"00299997\",\"CLIENTE_TRANS_RETAILERID\":\"000999999999999\",\"CLIENTE_TRANS_RECIBOID\":\"000027\",\"CLIENTE_TRANS_TOKENCVV\":\"1611 333\"}','1','2019-08-28 11:20:30'),(183,'MANCOMPRANOR','{\"CLIENTE_TRANS_MONTO\":\"000000100376\",\"CLIENTE_TRANS_AUDITNO\":\"111137\",\"CLIENTE_TRANS_TARJETAVEN\":\"2012\",\"CLIENTE_TRANS_MODOENTRA\":\"012\",\"CLIENTE_TRANS_TERMINALID\":\"00299997\",\"CLIENTE_TRANS_RETAILERID\":\"000999999999999\",\"CLIENTE_TRANS_RECIBOID\":\"000027\",\"CLIENTE_TRANS_TOKENCVV\":\"1611 333\"}','1','2019-08-28 11:20:47'),(184,'MANCOMPRANOR','{\"CLIENTE_TRANS_MONTO\":\"000000100376\",\"CLIENTE_TRANS_AUDITNO\":\"111137\",\"CLIENTE_TRANS_TARJETAVEN\":\"2012\",\"CLIENTE_TRANS_MODOENTRA\":\"012\",\"CLIENTE_TRANS_TERMINALID\":\"00299997\",\"CLIENTE_TRANS_RETAILERID\":\"000999999999999\",\"CLIENTE_TRANS_RECIBOID\":\"000027\",\"CLIENTE_TRANS_TOKENCVV\":\"1611 333\"}','1','2019-08-28 11:29:18'),(185,'MANCOMPRANOR','{\"CLIENTE_TRANS_MONTO\":\"000000100376\",\"CLIENTE_TRANS_AUDITNO\":\"111137\",\"CLIENTE_TRANS_TARJETAVEN\":\"2012\",\"CLIENTE_TRANS_MODOENTRA\":\"012\",\"CLIENTE_TRANS_TERMINALID\":\"00299997\",\"CLIENTE_TRANS_RETAILERID\":\"000999999999999\",\"CLIENTE_TRANS_RECIBOID\":\"000027\",\"CLIENTE_TRANS_TOKENCVV\":\"1611 333\"}','1','2019-08-28 21:49:48'),(186,'MANCOMPRANOR','{\"CLIENTE_TRANS_MONTO\":\"000000100376\",\"CLIENTE_TRANS_AUDITNO\":\"111137\",\"CLIENTE_TRANS_TARJETAVEN\":\"2012\",\"CLIENTE_TRANS_MODOENTRA\":\"012\",\"CLIENTE_TRANS_TERMINALID\":\"00299997\",\"CLIENTE_TRANS_RETAILERID\":\"000999999999999\",\"CLIENTE_TRANS_RECIBOID\":\"000027\",\"CLIENTE_TRANS_TOKENCVV\":\"1611 333\"}','1','2019-08-29 15:58:51'),(187,'MANCOMPRANOR','{\"CLIENTE_TRANS_MONTO\":\"000000100376\",\"CLIENTE_TRANS_AUDITNO\":\"111137\",\"CLIENTE_TRANS_TARJETAVEN\":\"2012\",\"CLIENTE_TRANS_MODOENTRA\":\"012\",\"CLIENTE_TRANS_TERMINALID\":\"00299997\",\"CLIENTE_TRANS_RETAILERID\":\"000999999999999\",\"CLIENTE_TRANS_RECIBOID\":\"000027\",\"CLIENTE_TRANS_TOKENCVV\":\"1611 333\"}','1','2019-08-29 16:01:00'),(188,'MANCOMPRANOR','{\"CLIENTE_TRANS_MONTO\":\"000000100376\",\"CLIENTE_TRANS_AUDITNO\":\"111137\",\"CLIENTE_TRANS_TARJETAVEN\":\"2012\",\"CLIENTE_TRANS_MODOENTRA\":\"012\",\"CLIENTE_TRANS_TERMINALID\":\"00299997\",\"CLIENTE_TRANS_RETAILERID\":\"000999999999999\",\"CLIENTE_TRANS_RECIBOID\":\"000027\",\"CLIENTE_TRANS_TOKENCVV\":\"1611 333\"}','1','2019-08-29 16:02:43'),(189,'MANCOMPRANOR','{\"CLIENTE_TRANS_MONTO\":\"000000100376\",\"CLIENTE_TRANS_AUDITNO\":\"111137\",\"CLIENTE_TRANS_TARJETAVEN\":\"2012\",\"CLIENTE_TRANS_MODOENTRA\":\"012\",\"CLIENTE_TRANS_TERMINALID\":\"00299997\",\"CLIENTE_TRANS_RETAILERID\":\"000999999999999\",\"CLIENTE_TRANS_RECIBOID\":\"000027\",\"CLIENTE_TRANS_TOKENCVV\":\"1611 333\"}','1','2019-08-29 16:04:22'),(190,'MANCOMPRANOR','{\"CLIENTE_TRANS_MONTO\":\"000000100376\",\"CLIENTE_TRANS_AUDITNO\":\"111137\",\"CLIENTE_TRANS_TARJETAVEN\":\"2012\",\"CLIENTE_TRANS_MODOENTRA\":\"012\",\"CLIENTE_TRANS_TERMINALID\":\"00299997\",\"CLIENTE_TRANS_RETAILERID\":\"000999999999999\",\"CLIENTE_TRANS_RECIBOID\":\"000027\",\"CLIENTE_TRANS_TOKENCVV\":\"1611 333\"}','1','2019-08-29 16:10:04'),(191,'MANCOMPRANOR','{\"CLIENTE_TRANS_MONTO\":\"000000100376\",\"CLIENTE_TRANS_AUDITNO\":\"111137\",\"CLIENTE_TRANS_TARJETAVEN\":\"2012\",\"CLIENTE_TRANS_MODOENTRA\":\"012\",\"CLIENTE_TRANS_TERMINALID\":\"00299997\",\"CLIENTE_TRANS_RETAILERID\":\"000999999999999\",\"CLIENTE_TRANS_RECIBOID\":\"000027\",\"CLIENTE_TRANS_TOKENCVV\":\"1611 333\"}','1','2019-08-29 16:13:36'),(192,'MANCOMPRANOR','{\"CLIENTE_TRANS_MONTO\":\"000000100376\",\"CLIENTE_TRANS_AUDITNO\":\"111137\",\"CLIENTE_TRANS_TARJETAVEN\":\"2012\",\"CLIENTE_TRANS_MODOENTRA\":\"012\",\"CLIENTE_TRANS_TERMINALID\":\"00299997\",\"CLIENTE_TRANS_RETAILERID\":\"000999999999999\",\"CLIENTE_TRANS_RECIBOID\":\"000027\",\"CLIENTE_TRANS_TOKENCVV\":\"1611 333\"}','1','2019-08-29 16:15:58'),(193,'MANCOMPRANOR','{\"CLIENTE_TRANS_MONTO\":\"000000100376\",\"CLIENTE_TRANS_AUDITNO\":\"111137\",\"CLIENTE_TRANS_TARJETAVEN\":\"2012\",\"CLIENTE_TRANS_MODOENTRA\":\"012\",\"CLIENTE_TRANS_TERMINALID\":\"00299997\",\"CLIENTE_TRANS_RETAILERID\":\"000999999999999\",\"CLIENTE_TRANS_RECIBOID\":\"000027\",\"CLIENTE_TRANS_TOKENCVV\":\"1611 333\"}','1','2019-08-29 16:17:15'),(194,'MANCOMPRANOR','{\"CLIENTE_TRANS_MONTO\":\"000000100376\",\"CLIENTE_TRANS_AUDITNO\":\"111137\",\"CLIENTE_TRANS_TARJETAVEN\":\"2012\",\"CLIENTE_TRANS_MODOENTRA\":\"012\",\"CLIENTE_TRANS_TERMINALID\":\"00299997\",\"CLIENTE_TRANS_RETAILERID\":\"000999999999999\",\"CLIENTE_TRANS_RECIBOID\":\"000027\",\"CLIENTE_TRANS_TOKENCVV\":\"1611 333\"}','1','2019-08-29 16:18:48'),(195,'MANCOMPRANOR','{\"CLIENTE_TRANS_MONTO\":\"000000100376\",\"CLIENTE_TRANS_AUDITNO\":\"111137\",\"CLIENTE_TRANS_TARJETAVEN\":\"2012\",\"CLIENTE_TRANS_MODOENTRA\":\"012\",\"CLIENTE_TRANS_TERMINALID\":\"00299997\",\"CLIENTE_TRANS_RETAILERID\":\"000999999999999\",\"CLIENTE_TRANS_RECIBOID\":\"000027\",\"CLIENTE_TRANS_TOKENCVV\":\"1611 333\"}','1','2019-08-29 16:21:46'),(196,'MANCOMPRANOR','{\"CLIENTE_TRANS_MONTO\":\"000000100376\",\"CLIENTE_TRANS_AUDITNO\":\"111137\",\"CLIENTE_TRANS_TARJETAVEN\":\"2012\",\"CLIENTE_TRANS_MODOENTRA\":\"012\",\"CLIENTE_TRANS_TERMINALID\":\"00299997\",\"CLIENTE_TRANS_RETAILERID\":\"000999999999999\",\"CLIENTE_TRANS_RECIBOID\":\"000027\",\"CLIENTE_TRANS_TOKENCVV\":\"1611 333\"}','1','2019-08-29 17:32:48'),(197,'MANCOMPRANOR','{\"CLIENTE_TRANS_MONTO\":\"000000100376\",\"CLIENTE_TRANS_AUDITNO\":\"111137\",\"CLIENTE_TRANS_TARJETAVEN\":\"2012\",\"CLIENTE_TRANS_MODOENTRA\":\"012\",\"CLIENTE_TRANS_TERMINALID\":\"00299997\",\"CLIENTE_TRANS_RETAILERID\":\"000999999999999\",\"CLIENTE_TRANS_RECIBOID\":\"000027\",\"CLIENTE_TRANS_TOKENCVV\":\"1611 333\"}','1','2019-08-29 17:42:00'),(198,'MANCOMPRANOR','{\"CLIENTE_TRANS_MONTO\":\"000000002750\",\"CLIENTE_TRANS_AUDITNO\":\"111137\",\"CLIENTE_TRANS_TARJETAVEN\":\"2012\",\"CLIENTE_TRANS_MODOENTRA\":\"012\",\"CLIENTE_TRANS_TERMINALID\":\"00299997\",\"CLIENTE_TRANS_RETAILERID\":\"000999999999999\",\"CLIENTE_TRANS_RECIBOID\":\"000027\",\"CLIENTE_TRANS_TOKENCVV\":\"1611 333\"}','1','2019-08-29 18:36:09'),(199,'MANCOMPRANOR','{\"CLIENTE_TRANS_MONTO\":\"000000000027\",\"CLIENTE_TRANS_AUDITNO\":\"111127\",\"CLIENTE_TRANS_TARJETAVEN\":\"2012\",\"CLIENTE_TRANS_MODOENTRA\":\"012\",\"CLIENTE_TRANS_TERMINALID\":\"00299997\",\"CLIENTE_TRANS_RETAILERID\":\"000999999999999\",\"CLIENTE_TRANS_RECIBOID\":\"000027\",\"CLIENTE_TRANS_TOKENCVV\":\"1611 333\"}','1','2019-09-16 09:02:46'),(200,'MANCOMPRANOR','{\"CLIENTE_TRANS_MONTO\":\"000000000027\",\"CLIENTE_TRANS_AUDITNO\":\"111127\",\"CLIENTE_TRANS_TARJETAVEN\":\"2012\",\"CLIENTE_TRANS_MODOENTRA\":\"012\",\"CLIENTE_TRANS_TERMINALID\":\"00299997\",\"CLIENTE_TRANS_RETAILERID\":\"000999999999999\",\"CLIENTE_TRANS_RECIBOID\":\"000027\",\"CLIENTE_TRANS_TOKENCVV\":\"1611 333\"}','1','2019-09-16 09:11:57'),(201,'MANCOMPRANOR','{\"CLIENTE_TRANS_MONTO\":\"000000000027\",\"CLIENTE_TRANS_AUDITNO\":\"111127\",\"CLIENTE_TRANS_TARJETAVEN\":\"2012\",\"CLIENTE_TRANS_MODOENTRA\":\"012\",\"CLIENTE_TRANS_TERMINALID\":\"00299997\",\"CLIENTE_TRANS_RETAILERID\":\"000999999999999\",\"CLIENTE_TRANS_RECIBOID\":\"000027\",\"CLIENTE_TRANS_TOKENCVV\":\"1611 333\"}','1','2019-09-16 09:29:15'),(202,'MANCOMPRANOR','{\"CLIENTE_TRANS_MONTO\":\"000000000027\",\"CLIENTE_TRANS_AUDITNO\":\"111127\",\"CLIENTE_TRANS_TARJETAVEN\":\"2012\",\"CLIENTE_TRANS_MODOENTRA\":\"012\",\"CLIENTE_TRANS_TERMINALID\":\"00299997\",\"CLIENTE_TRANS_RETAILERID\":\"000999999999999\",\"CLIENTE_TRANS_RECIBOID\":\"000025\",\"CLIENTE_TRANS_TOKENCVV\":\"1611 333\"}','1','2019-09-16 09:31:47'),(203,'MANCOMPRANOR','{\"CLIENTE_TRANS_MONTO\":\"000000000025\",\"CLIENTE_TRANS_AUDITNO\":\"111127\",\"CLIENTE_TRANS_TARJETAVEN\":\"2012\",\"CLIENTE_TRANS_MODOENTRA\":\"012\",\"CLIENTE_TRANS_TERMINALID\":\"00299997\",\"CLIENTE_TRANS_RETAILERID\":\"000999999999999\",\"CLIENTE_TRANS_RECIBOID\":\"000025\",\"CLIENTE_TRANS_TOKENCVV\":\"1611 333\"}','1','2019-09-16 09:32:56'),(204,'MANCOMPRANOR','{\"CLIENTE_TRANS_MONTO\":\"000000000025\",\"CLIENTE_TRANS_AUDITNO\":\"111127\",\"CLIENTE_TRANS_TARJETAVEN\":\"2012\",\"CLIENTE_TRANS_MODOENTRA\":\"012\",\"CLIENTE_TRANS_TERMINALID\":\"00299997\",\"CLIENTE_TRANS_RETAILERID\":\"000999999999999\",\"CLIENTE_TRANS_RECIBOID\":\"000025\",\"CLIENTE_TRANS_TOKENCVV\":\"1611 333\"}','1','2019-09-16 10:21:06');
/*!40000 ALTER TABLE `trans_transacciones_request` ENABLE KEYS */;
UNLOCK TABLES;

--
-- Table structure for table `trans_transacciones_response`
--

DROP TABLE IF EXISTS `trans_transacciones_response`;
/*!40101 SET @saved_cs_client     = @@character_set_client */;
/*!40101 SET character_set_client = utf8 */;
CREATE TABLE `trans_transacciones_response` (
  `id_response` int(11) NOT NULL AUTO_INCREMENT,
  `transaccion` longtext,
  `id_request` int(11) NOT NULL,
  `request_fecha` datetime NOT NULL DEFAULT CURRENT_TIMESTAMP,
  PRIMARY KEY (`id_response`),
  KEY `fk_response_request` (`id_request`),
  CONSTRAINT `fk_response_request` FOREIGN KEY (`id_request`) REFERENCES `trans_transacciones_request` (`id_request`) ON UPDATE CASCADE
) ENGINE=InnoDB AUTO_INCREMENT=203 DEFAULT CHARSET=latin1;
/*!40101 SET character_set_client = @saved_cs_client */;

--
-- Dumping data for table `trans_transacciones_response`
--

LOCK TABLES `trans_transacciones_response` WRITE;
/*!40000 ALTER TABLE `trans_transacciones_response` DISABLE KEYS */;
INSERT INTO `trans_transacciones_response` VALUES (158,'{\"cliente_trans_terminalid\":\"00299997\",\"cliente_trans_trantime\":\"220134\",\"cliente_trans_referencia\":\"000000111125\",\"cliente_trans_networkid\":\"024\",\"cliente_trans_autoriza\":\"830147\",\"cliente_trans_respuesta\":\"00\",\"cliente_trans_trandate\":\"0921\",\"cliente_trans_tipomensaje\":\"000000\",\"cliente_trans_auditno\":\"111127\",\"cliente_trans_monto\":\"000000000027\"}',160,'2019-08-10 10:25:48'),(159,'{\"cliente_trans_terminalid\":\"00299997\",\"cliente_trans_trantime\":\"220134\",\"cliente_trans_referencia\":\"000000111125\",\"cliente_trans_networkid\":\"024\",\"cliente_trans_autoriza\":\"830147\",\"cliente_trans_respuesta\":\"00\",\"cliente_trans_trandate\":\"0921\",\"cliente_trans_tipomensaje\":\"000000\",\"cliente_trans_auditno\":\"111127\",\"cliente_trans_monto\":\"000000000027\"}',161,'2019-08-14 16:08:29'),(160,'{\"cliente_trans_terminalid\":\"00299997\",\"cliente_trans_trantime\":\"220134\",\"cliente_trans_referencia\":\"000000111125\",\"cliente_trans_networkid\":\"024\",\"cliente_trans_autoriza\":\"830147\",\"cliente_trans_respuesta\":\"00\",\"cliente_trans_trandate\":\"0921\",\"cliente_trans_tipomensaje\":\"000000\",\"cliente_trans_auditno\":\"111127\",\"cliente_trans_monto\":\"000000000027\"}',162,'2019-08-14 16:21:21'),(161,'{\"cliente_trans_terminalid\":\"00299997\",\"cliente_trans_trantime\":\"220134\",\"cliente_trans_referencia\":\"000000111125\",\"cliente_trans_networkid\":\"024\",\"cliente_trans_autoriza\":\"830147\",\"cliente_trans_respuesta\":\"00\",\"cliente_trans_trandate\":\"0921\",\"cliente_trans_tipomensaje\":\"000000\",\"cliente_trans_auditno\":\"111127\",\"cliente_trans_monto\":\"000000000027\"}',163,'2019-08-20 16:38:22'),(162,'{\"cliente_trans_terminalid\":\"00299997\",\"cliente_trans_trantime\":\"220134\",\"cliente_trans_referencia\":\"000000111125\",\"cliente_trans_networkid\":\"024\",\"cliente_trans_autoriza\":\"830147\",\"cliente_trans_respuesta\":\"00\",\"cliente_trans_trandate\":\"0921\",\"cliente_trans_tipomensaje\":\"000000\",\"cliente_trans_auditno\":\"111127\",\"cliente_trans_monto\":\"000000000027\"}',164,'2019-08-20 16:42:30'),(163,'{\"cliente_trans_terminalid\":\"00299997\",\"cliente_trans_trantime\":\"220134\",\"cliente_trans_referencia\":\"000000111125\",\"cliente_trans_networkid\":\"024\",\"cliente_trans_autoriza\":\"830147\",\"cliente_trans_respuesta\":\"00\",\"cliente_trans_trandate\":\"0921\",\"cliente_trans_tipomensaje\":\"000000\",\"cliente_trans_auditno\":\"111127\",\"cliente_trans_monto\":\"000000000027\"}',165,'2019-08-21 15:09:20'),(164,'{\"cliente_trans_terminalid\":\"00299997\",\"cliente_trans_trantime\":\"220134\",\"cliente_trans_referencia\":\"000000111125\",\"cliente_trans_networkid\":\"024\",\"cliente_trans_autoriza\":\"830147\",\"cliente_trans_respuesta\":\"00\",\"cliente_trans_trandate\":\"0921\",\"cliente_trans_tipomensaje\":\"000000\",\"cliente_trans_auditno\":\"111127\",\"cliente_trans_monto\":\"000000000027\"}',166,'2019-08-24 16:56:16'),(165,'{\"cliente_trans_terminalid\":\"00299997\",\"cliente_trans_trantime\":\"220134\",\"cliente_trans_referencia\":\"000000111125\",\"cliente_trans_networkid\":\"024\",\"cliente_trans_autoriza\":\"830147\",\"cliente_trans_respuesta\":\"00\",\"cliente_trans_trandate\":\"0921\",\"cliente_trans_tipomensaje\":\"000000\",\"cliente_trans_auditno\":\"111127\",\"cliente_trans_monto\":\"000000000027\"}',167,'2019-08-24 16:56:16'),(166,'{\"cliente_trans_terminalid\":\"00299997\",\"cliente_trans_trantime\":\"220134\",\"cliente_trans_referencia\":\"000000111125\",\"cliente_trans_networkid\":\"024\",\"cliente_trans_autoriza\":\"830147\",\"cliente_trans_respuesta\":\"00\",\"cliente_trans_trandate\":\"0921\",\"cliente_trans_tipomensaje\":\"000000\",\"cliente_trans_auditno\":\"111127\",\"cliente_trans_monto\":\"000000000027\"}',168,'2019-08-26 10:34:47'),(167,'{\"cliente_trans_terminalid\":\"00299997\",\"cliente_trans_trantime\":\"220134\",\"cliente_trans_referencia\":\"000000111125\",\"cliente_trans_networkid\":\"024\",\"cliente_trans_autoriza\":\"830147\",\"cliente_trans_respuesta\":\"00\",\"cliente_trans_trandate\":\"0921\",\"cliente_trans_tipomensaje\":\"000000\",\"cliente_trans_auditno\":\"111127\",\"cliente_trans_monto\":\"000000000027\"}',169,'2019-08-26 10:34:47'),(168,'{\"cliente_trans_terminalid\":\"00299997\",\"cliente_trans_trantime\":\"220134\",\"cliente_trans_referencia\":\"000000111125\",\"cliente_trans_networkid\":\"024\",\"cliente_trans_autoriza\":\"830147\",\"cliente_trans_respuesta\":\"00\",\"cliente_trans_trandate\":\"0921\",\"cliente_trans_tipomensaje\":\"000000\",\"cliente_trans_auditno\":\"111127\",\"cliente_trans_monto\":\"000000000027\"}',170,'2019-08-27 23:27:05'),(169,'{\"cliente_trans_terminalid\":\"00299997\",\"cliente_trans_trantime\":\"220134\",\"cliente_trans_referencia\":\"000000111125\",\"cliente_trans_networkid\":\"024\",\"cliente_trans_autoriza\":\"830147\",\"cliente_trans_respuesta\":\"00\",\"cliente_trans_trandate\":\"0921\",\"cliente_trans_tipomensaje\":\"000000\",\"cliente_trans_auditno\":\"111127\",\"cliente_trans_monto\":\"000000000027\"}',171,'2019-08-27 23:27:56'),(170,'{\"cliente_trans_terminalid\":\"00299997\",\"cliente_trans_trantime\":\"220134\",\"cliente_trans_referencia\":\"000000111125\",\"cliente_trans_networkid\":\"024\",\"cliente_trans_autoriza\":\"830147\",\"cliente_trans_respuesta\":\"00\",\"cliente_trans_trandate\":\"0921\",\"cliente_trans_tipomensaje\":\"000000\",\"cliente_trans_auditno\":\"111127\",\"cliente_trans_monto\":\"000000000027\"}',172,'2019-08-27 23:40:03'),(171,'{\"cliente_trans_terminalid\":\"00299997\",\"cliente_trans_trantime\":\"220134\",\"cliente_trans_referencia\":\"000000111125\",\"cliente_trans_networkid\":\"024\",\"cliente_trans_autoriza\":\"830147\",\"cliente_trans_respuesta\":\"00\",\"cliente_trans_trandate\":\"0921\",\"cliente_trans_tipomensaje\":\"000000\",\"cliente_trans_auditno\":\"111127\",\"cliente_trans_monto\":\"000000000027\"}',173,'2019-08-27 23:40:09'),(172,'{\"cliente_trans_terminalid\":\"00299997\",\"cliente_trans_trantime\":\"220134\",\"cliente_trans_referencia\":\"000000111125\",\"cliente_trans_networkid\":\"024\",\"cliente_trans_autoriza\":\"830147\",\"cliente_trans_respuesta\":\"00\",\"cliente_trans_trandate\":\"0921\",\"cliente_trans_tipomensaje\":\"000000\",\"cliente_trans_auditno\":\"111127\",\"cliente_trans_monto\":\"000000000027\"}',174,'2019-08-27 23:40:17'),(173,'{\"cliente_trans_terminalid\":\"00299997\",\"cliente_trans_trantime\":\"220134\",\"cliente_trans_referencia\":\"000000111125\",\"cliente_trans_networkid\":\"024\",\"cliente_trans_autoriza\":\"830147\",\"cliente_trans_respuesta\":\"00\",\"cliente_trans_trandate\":\"0921\",\"cliente_trans_tipomensaje\":\"000000\",\"cliente_trans_auditno\":\"111127\",\"cliente_trans_monto\":\"000000000027\"}',175,'2019-08-27 23:40:25'),(174,'{\"cliente_trans_terminalid\":\"00299997\",\"cliente_trans_trantime\":\"220134\",\"cliente_trans_referencia\":\"000000111125\",\"cliente_trans_networkid\":\"024\",\"cliente_trans_autoriza\":\"830147\",\"cliente_trans_respuesta\":\"00\",\"cliente_trans_trandate\":\"0921\",\"cliente_trans_tipomensaje\":\"000000\",\"cliente_trans_auditno\":\"111127\",\"cliente_trans_monto\":\"000000000027\"}',176,'2019-08-28 00:07:53'),(175,'{\"cliente_trans_terminalid\":\"00299997\",\"cliente_trans_trantime\":\"220134\",\"cliente_trans_referencia\":\"000000111125\",\"cliente_trans_networkid\":\"024\",\"cliente_trans_autoriza\":\"830147\",\"cliente_trans_respuesta\":\"00\",\"cliente_trans_trandate\":\"0921\",\"cliente_trans_tipomensaje\":\"000000\",\"cliente_trans_auditno\":\"111127\",\"cliente_trans_monto\":\"000000000027\"}',177,'2019-08-28 00:07:53'),(176,'{\"cliente_trans_terminalid\":\"00299997\",\"cliente_trans_trantime\":\"220134\",\"cliente_trans_referencia\":\"000000111125\",\"cliente_trans_networkid\":\"024\",\"cliente_trans_autoriza\":\"830147\",\"cliente_trans_respuesta\":\"00\",\"cliente_trans_trandate\":\"0921\",\"cliente_trans_tipomensaje\":\"000000\",\"cliente_trans_auditno\":\"111127\",\"cliente_trans_monto\":\"000000000027\"}',178,'2019-08-28 00:08:16'),(177,'{\"cliente_trans_terminalid\":\"00299997\",\"cliente_trans_trantime\":\"220134\",\"cliente_trans_referencia\":\"000000111125\",\"cliente_trans_networkid\":\"024\",\"cliente_trans_autoriza\":\"830147\",\"cliente_trans_respuesta\":\"00\",\"cliente_trans_trandate\":\"0921\",\"cliente_trans_tipomensaje\":\"000000\",\"cliente_trans_auditno\":\"111127\",\"cliente_trans_monto\":\"000000000027\"}',179,'2019-08-28 00:08:17'),(178,'{\"cliente_trans_terminalid\":\"00299997\",\"cliente_trans_trantime\":\"220134\",\"cliente_trans_referencia\":\"000000111125\",\"cliente_trans_networkid\":\"024\",\"cliente_trans_autoriza\":\"830147\",\"cliente_trans_respuesta\":\"00\",\"cliente_trans_trandate\":\"0921\",\"cliente_trans_tipomensaje\":\"000000\",\"cliente_trans_auditno\":\"111127\",\"cliente_trans_monto\":\"000000000027\"}',180,'2019-08-28 00:10:40'),(179,'{\"cliente_trans_terminalid\":\"00299997\",\"cliente_trans_trantime\":\"220134\",\"cliente_trans_referencia\":\"000000111125\",\"cliente_trans_networkid\":\"024\",\"cliente_trans_autoriza\":\"830147\",\"cliente_trans_respuesta\":\"00\",\"cliente_trans_trandate\":\"0921\",\"cliente_trans_tipomensaje\":\"000000\",\"cliente_trans_auditno\":\"111127\",\"cliente_trans_monto\":\"000000000027\"}',181,'2019-08-28 11:11:41'),(180,'{\"cliente_trans_terminalid\":\"00299997\",\"cliente_trans_trantime\":\"220134\",\"cliente_trans_referencia\":\"000000111125\",\"cliente_trans_networkid\":\"024\",\"cliente_trans_autoriza\":\"830147\",\"cliente_trans_respuesta\":\"00\",\"cliente_trans_trandate\":\"0921\",\"cliente_trans_tipomensaje\":\"000000\",\"cliente_trans_auditno\":\"111127\",\"cliente_trans_monto\":\"000000000027\"}',182,'2019-08-28 11:20:30'),(181,'{\"cliente_trans_terminalid\":\"00299997\",\"cliente_trans_trantime\":\"220134\",\"cliente_trans_referencia\":\"000000111125\",\"cliente_trans_networkid\":\"024\",\"cliente_trans_autoriza\":\"830147\",\"cliente_trans_respuesta\":\"00\",\"cliente_trans_trandate\":\"0921\",\"cliente_trans_tipomensaje\":\"000000\",\"cliente_trans_auditno\":\"111127\",\"cliente_trans_monto\":\"000000000027\"}',183,'2019-08-28 11:20:47'),(182,'{\"cliente_trans_terminalid\":\"00299997\",\"cliente_trans_trantime\":\"220134\",\"cliente_trans_referencia\":\"000000111125\",\"cliente_trans_networkid\":\"024\",\"cliente_trans_autoriza\":\"830147\",\"cliente_trans_respuesta\":\"00\",\"cliente_trans_trandate\":\"0921\",\"cliente_trans_tipomensaje\":\"000000\",\"cliente_trans_auditno\":\"111127\",\"cliente_trans_monto\":\"000000000027\"}',184,'2019-08-28 11:29:18'),(183,'{\"cliente_trans_terminalid\":\"00299997\",\"cliente_trans_trantime\":\"220134\",\"cliente_trans_referencia\":\"000000111125\",\"cliente_trans_networkid\":\"024\",\"cliente_trans_autoriza\":\"830147\",\"cliente_trans_respuesta\":\"00\",\"cliente_trans_trandate\":\"0921\",\"cliente_trans_tipomensaje\":\"000000\",\"cliente_trans_auditno\":\"111127\",\"cliente_trans_monto\":\"000000000027\"}',185,'2019-08-28 21:49:48'),(184,'{\"cliente_trans_terminalid\":\"00299997\",\"cliente_trans_trantime\":\"220134\",\"cliente_trans_referencia\":\"000000111125\",\"cliente_trans_networkid\":\"024\",\"cliente_trans_autoriza\":\"830147\",\"cliente_trans_respuesta\":\"00\",\"cliente_trans_trandate\":\"0921\",\"cliente_trans_tipomensaje\":\"000000\",\"cliente_trans_auditno\":\"111127\",\"cliente_trans_monto\":\"000000000027\"}',186,'2019-08-29 15:58:51'),(185,'{\"cliente_trans_terminalid\":\"00299997\",\"cliente_trans_trantime\":\"220134\",\"cliente_trans_referencia\":\"000000111125\",\"cliente_trans_networkid\":\"024\",\"cliente_trans_autoriza\":\"830147\",\"cliente_trans_respuesta\":\"00\",\"cliente_trans_trandate\":\"0921\",\"cliente_trans_tipomensaje\":\"000000\",\"cliente_trans_auditno\":\"111127\",\"cliente_trans_monto\":\"000000000027\"}',187,'2019-08-29 16:01:00'),(186,'{\"cliente_trans_terminalid\":\"00299997\",\"cliente_trans_trantime\":\"220134\",\"cliente_trans_referencia\":\"000000111125\",\"cliente_trans_networkid\":\"024\",\"cliente_trans_autoriza\":\"830147\",\"cliente_trans_respuesta\":\"00\",\"cliente_trans_trandate\":\"0921\",\"cliente_trans_tipomensaje\":\"000000\",\"cliente_trans_auditno\":\"111127\",\"cliente_trans_monto\":\"000000000027\"}',188,'2019-08-29 16:02:43'),(187,'{\"cliente_trans_terminalid\":\"00299997\",\"cliente_trans_trantime\":\"220134\",\"cliente_trans_referencia\":\"000000111125\",\"cliente_trans_networkid\":\"024\",\"cliente_trans_autoriza\":\"830147\",\"cliente_trans_respuesta\":\"00\",\"cliente_trans_trandate\":\"0921\",\"cliente_trans_tipomensaje\":\"000000\",\"cliente_trans_auditno\":\"111127\",\"cliente_trans_monto\":\"000000000027\"}',189,'2019-08-29 16:04:22'),(188,'{\"cliente_trans_terminalid\":\"00299997\",\"cliente_trans_trantime\":\"220134\",\"cliente_trans_referencia\":\"000000111125\",\"cliente_trans_networkid\":\"024\",\"cliente_trans_autoriza\":\"830147\",\"cliente_trans_respuesta\":\"00\",\"cliente_trans_trandate\":\"0921\",\"cliente_trans_tipomensaje\":\"000000\",\"cliente_trans_auditno\":\"111127\",\"cliente_trans_monto\":\"000000000027\"}',190,'2019-08-29 16:10:04'),(189,'{\"cliente_trans_terminalid\":\"00299997\",\"cliente_trans_trantime\":\"220134\",\"cliente_trans_referencia\":\"000000111125\",\"cliente_trans_networkid\":\"024\",\"cliente_trans_autoriza\":\"830147\",\"cliente_trans_respuesta\":\"00\",\"cliente_trans_trandate\":\"0921\",\"cliente_trans_tipomensaje\":\"000000\",\"cliente_trans_auditno\":\"111127\",\"cliente_trans_monto\":\"000000000027\"}',191,'2019-08-29 16:13:36'),(190,'{\"cliente_trans_terminalid\":\"00299997\",\"cliente_trans_trantime\":\"220134\",\"cliente_trans_referencia\":\"000000111125\",\"cliente_trans_networkid\":\"024\",\"cliente_trans_autoriza\":\"830147\",\"cliente_trans_respuesta\":\"00\",\"cliente_trans_trandate\":\"0921\",\"cliente_trans_tipomensaje\":\"000000\",\"cliente_trans_auditno\":\"111127\",\"cliente_trans_monto\":\"000000000027\"}',192,'2019-08-29 16:15:58'),(191,'{\"cliente_trans_terminalid\":\"00299997\",\"cliente_trans_trantime\":\"220134\",\"cliente_trans_referencia\":\"000000111125\",\"cliente_trans_networkid\":\"024\",\"cliente_trans_autoriza\":\"830147\",\"cliente_trans_respuesta\":\"00\",\"cliente_trans_trandate\":\"0921\",\"cliente_trans_tipomensaje\":\"000000\",\"cliente_trans_auditno\":\"111127\",\"cliente_trans_monto\":\"000000000027\"}',193,'2019-08-29 16:17:15'),(192,'{\"cliente_trans_terminalid\":\"00299997\",\"cliente_trans_trantime\":\"220134\",\"cliente_trans_referencia\":\"000000111125\",\"cliente_trans_networkid\":\"024\",\"cliente_trans_autoriza\":\"830147\",\"cliente_trans_respuesta\":\"00\",\"cliente_trans_trandate\":\"0921\",\"cliente_trans_tipomensaje\":\"000000\",\"cliente_trans_auditno\":\"111127\",\"cliente_trans_monto\":\"000000000027\"}',194,'2019-08-29 16:18:48'),(193,'{\"cliente_trans_terminalid\":\"00299997\",\"cliente_trans_trantime\":\"220134\",\"cliente_trans_referencia\":\"000000111125\",\"cliente_trans_networkid\":\"024\",\"cliente_trans_autoriza\":\"830147\",\"cliente_trans_respuesta\":\"00\",\"cliente_trans_trandate\":\"0921\",\"cliente_trans_tipomensaje\":\"000000\",\"cliente_trans_auditno\":\"111127\",\"cliente_trans_monto\":\"000000000027\"}',195,'2019-08-29 16:21:46'),(194,'{\"cliente_trans_terminalid\":\"00299997\",\"cliente_trans_trantime\":\"220134\",\"cliente_trans_referencia\":\"000000111125\",\"cliente_trans_networkid\":\"024\",\"cliente_trans_autoriza\":\"830147\",\"cliente_trans_respuesta\":\"00\",\"cliente_trans_trandate\":\"0921\",\"cliente_trans_tipomensaje\":\"000000\",\"cliente_trans_auditno\":\"111127\",\"cliente_trans_monto\":\"000000000027\"}',196,'2019-08-29 17:32:48'),(195,'{\"cliente_trans_terminalid\":\"00299997\",\"cliente_trans_trantime\":\"220134\",\"cliente_trans_referencia\":\"000000111125\",\"cliente_trans_networkid\":\"024\",\"cliente_trans_autoriza\":\"830147\",\"cliente_trans_respuesta\":\"00\",\"cliente_trans_trandate\":\"0921\",\"cliente_trans_tipomensaje\":\"000000\",\"cliente_trans_auditno\":\"111127\",\"cliente_trans_monto\":\"000000000027\"}',197,'2019-08-29 17:42:00'),(196,'{\"cliente_trans_terminalid\":\"00299997\",\"cliente_trans_trantime\":\"220134\",\"cliente_trans_referencia\":\"000000111125\",\"cliente_trans_networkid\":\"024\",\"cliente_trans_autoriza\":\"830147\",\"cliente_trans_respuesta\":\"00\",\"cliente_trans_trandate\":\"0921\",\"cliente_trans_tipomensaje\":\"000000\",\"cliente_trans_auditno\":\"111127\",\"cliente_trans_monto\":\"000000000027\"}',198,'2019-08-29 18:36:09'),(197,'{\"cliente_trans_terminalid\":\"00299997\",\"cliente_trans_trantime\":\"090227\",\"cliente_trans_referencia\":\"925909111127\",\"cliente_trans_networkid\":\"024\",\"cliente_trans_autoriza\":\"000513\",\"cliente_trans_respuesta\":\"00\",\"cliente_trans_trandate\":\"0916\",\"cliente_trans_tipomensaje\":\"000000\",\"cliente_trans_auditno\":\"111127\",\"cliente_trans_monto\":\"000000000027\"}',199,'2019-09-16 09:02:47'),(198,'{\"cliente_trans_terminalid\":\"00299997\",\"cliente_trans_trantime\":\"091138\",\"cliente_trans_referencia\":\"925909111127\",\"cliente_trans_networkid\":\"024\",\"cliente_trans_autoriza\":\"000514\",\"cliente_trans_respuesta\":\"00\",\"cliente_trans_trandate\":\"0916\",\"cliente_trans_tipomensaje\":\"000000\",\"cliente_trans_auditno\":\"111127\",\"cliente_trans_monto\":\"000000000027\"}',200,'2019-09-16 09:11:57'),(199,'{\"cliente_trans_terminalid\":\"00299997\",\"cliente_trans_trantime\":\"092856\",\"cliente_trans_referencia\":\"925909111127\",\"cliente_trans_networkid\":\"024\",\"cliente_trans_autoriza\":\"000518\",\"cliente_trans_respuesta\":\"00\",\"cliente_trans_trandate\":\"0916\",\"cliente_trans_tipomensaje\":\"000000\",\"cliente_trans_auditno\":\"111127\",\"cliente_trans_monto\":\"000000000027\"}',201,'2019-09-16 09:29:15'),(200,'{\"cliente_trans_terminalid\":\"00299997\",\"cliente_trans_trantime\":\"093128\",\"cliente_trans_referencia\":\"925909111127\",\"cliente_trans_networkid\":\"024\",\"cliente_trans_autoriza\":\"000519\",\"cliente_trans_respuesta\":\"00\",\"cliente_trans_trandate\":\"0916\",\"cliente_trans_tipomensaje\":\"000000\",\"cliente_trans_auditno\":\"111127\",\"cliente_trans_monto\":\"000000000027\"}',202,'2019-09-16 09:31:47'),(201,'{\"cliente_trans_terminalid\":\"00299997\",\"cliente_trans_trantime\":\"093238\",\"cliente_trans_referencia\":\"925909111127\",\"cliente_trans_networkid\":\"024\",\"cliente_trans_autoriza\":\"000520\",\"cliente_trans_respuesta\":\"00\",\"cliente_trans_trandate\":\"0916\",\"cliente_trans_tipomensaje\":\"000000\",\"cliente_trans_auditno\":\"111127\",\"cliente_trans_monto\":\"000000000025\"}',203,'2019-09-16 09:32:57'),(202,'{\"cliente_trans_terminalid\":\"00299997\",\"cliente_trans_trantime\":\"102047\",\"cliente_trans_referencia\":\"925910111127\",\"cliente_trans_networkid\":\"024\",\"cliente_trans_autoriza\":\"000522\",\"cliente_trans_respuesta\":\"00\",\"cliente_trans_trandate\":\"0916\",\"cliente_trans_tipomensaje\":\"000000\",\"cliente_trans_auditno\":\"111127\",\"cliente_trans_monto\":\"000000000025\"}',204,'2019-09-16 10:21:06');
/*!40000 ALTER TABLE `trans_transacciones_response` ENABLE KEYS */;
UNLOCK TABLES;

--
-- Dumping routines for database 'db_confi_serfinsa'
--
/*!50003 DROP PROCEDURE IF EXISTS `pa_InsertarTransaccion` */;
/*!50003 SET @saved_cs_client      = @@character_set_client */ ;
/*!50003 SET @saved_cs_results     = @@character_set_results */ ;
/*!50003 SET @saved_col_connection = @@collation_connection */ ;
/*!50003 SET character_set_client  = utf8mb4 */ ;
/*!50003 SET character_set_results = utf8mb4 */ ;
/*!50003 SET collation_connection  = utf8mb4_unicode_ci */ ;
/*!50003 SET @saved_sql_mode       = @@sql_mode */ ;
/*!50003 SET sql_mode              = 'IGNORE_SPACE,STRICT_TRANS_TABLES,NO_AUTO_CREATE_USER,NO_ENGINE_SUBSTITUTION' */ ;
DELIMITER ;;
CREATE DEFINER=`root`@`localhost` PROCEDURE `pa_InsertarTransaccion`(
p_nombre_request varchar(50),
p_request_trasnaccion longtext,
p_response_trasnaccion longtext,
p_usuario varchar(100)
)
begin
	/*
		procedimiento que inserta la transacion de pago con tarjeta
    */
    
	declare exit handler for sqlexception
		begin
			-- hubieron errores
			rollback;
			select 'NO' AS MENSAJE;
			resignal; -- muestra el error que genero la exepcion
         end;
		
        -- inicio la transaccion
       start transaction;
			INSERT INTO trans_transacciones_request (nombre_request, transaccion,request_usaurio) VALUES(p_nombre_request, p_request_trasnaccion, p_usuario);
			insert into trans_transacciones_response (transaccion, id_request) values (p_response_trasnaccion, (SELECT last_insert_id()));
	   	select 'OK' AS MENSAJE;
      commit;
end ;;
DELIMITER ;
/*!50003 SET sql_mode              = @saved_sql_mode */ ;
/*!50003 SET character_set_client  = @saved_cs_client */ ;
/*!50003 SET character_set_results = @saved_cs_results */ ;
/*!50003 SET collation_connection  = @saved_col_connection */ ;
/*!40103 SET TIME_ZONE=@OLD_TIME_ZONE */;

/*!40101 SET SQL_MODE=@OLD_SQL_MODE */;
/*!40014 SET FOREIGN_KEY_CHECKS=@OLD_FOREIGN_KEY_CHECKS */;
/*!40014 SET UNIQUE_CHECKS=@OLD_UNIQUE_CHECKS */;
/*!40101 SET CHARACTER_SET_CLIENT=@OLD_CHARACTER_SET_CLIENT */;
/*!40101 SET CHARACTER_SET_RESULTS=@OLD_CHARACTER_SET_RESULTS */;
/*!40101 SET COLLATION_CONNECTION=@OLD_COLLATION_CONNECTION */;
/*!40111 SET SQL_NOTES=@OLD_SQL_NOTES */;

-- Dump completed on 2019-09-16 14:36:40
